"word","hint"
"aardvark","One with a long tongue at dinner? (8)"
"aback","Taken by surprise (5)"
"abacus","Counter culture? (6)"
"abandon","Let go completely (7)"
"abashed","Flustered look (7)"
"abate","Die down (5)"
"abbreviate","Cut short? (10)"
"abdicate","Relinquish the crown (8)"
"abdomen","Six-pack site (7)"
"abduct","Take off with? (6)"
"aberrant","Off script (8)"
"abet","Be an accomplice (4)"
"abhor","View with disgust (5)"
"abide","Stand for (5)"
"ability","What it takes (7)"
"abject","Rock-bottom (6)"
"ablaze","Like a torch (6)"
"able","Up to snuff (4)"
"abnormal","Not quite right (8)"
"aboard","All hands on? (6)"
"about","Roughly speaking (5)"
"above","Higher up (5)"
"abracadabra","Hocus-pocus partner (11)"
"abrupt","No warning given (6)"
"absorb","Take it all in (6)"
"absurd","Beyond reason (6)"
"abundance","More than enough (9)"
"abuse","Misuse of power, say (5)"
"academic","Noted thinker? (8)"
"accelerate","Hit the gas (10)"
"accept","Take as given (6)"
"access","Way in (6)"
"accident","Unplanned event (8)"
"acclaim","Applaud loudly (7)"
"accompany","Tag along (9)"
"accord","Harmony (6)"
"account","Story to tell (7)"
"accurate","Right on target (8)"
"accuse","Blame directly (6)"
"ace","Serve well? (3)"
"ache","Lingering pain (4)"
"achieve","Pull off (7)"
"acid","Burning stuff? (4)"
"acorn","Future oak (5)"
"acquire","Come to have (7)"
"acquit","Clear of charges (6)"
"across","From side to side (6)"
"act","Play a role (3)"
"action","Cue for “Cut!” (6)"
"active","Always moving (6)"
"actor","One in character (5)"
"actual","No joke (6)"
"adapt","Adjust to fit (5)"
"addict","One who can’t quit (6)"
"address","Speak on (7)"
"adept","Highly skilled (5)"
"adjust","Make small changes (6)"
"admin","Office head, briefly (5)"
"admire","Look up to (6)"
"admit","Own up (5)"
"adobe","Southwestern brick (5)"
"adopt","Take as one’s own (5)"
"adore","Love deeply (5)"
"adorn","Dress up (5)"
"adult","Fully grown (5)"
"advance","Move ahead (7)"
"advantage","Winning edge (9)"
"adventure","Risky undertaking (9)"
"advice","Words to heed (6)"
"advocate","Argue for (8)"
"aerial","Up in the air (6)"
"affair","Secret romance, maybe (6)"
"affect","Have an impact (6)"
"afford","Be able to pay (6)"
"afraid","Feeling fear (6)"
"after","Later than (5)"
"again","Once more (5)"
"against","In opposition (7)"
"age","Get older (3)"
"agent","Middleman (5)"
"agile","Light on one’s feet (5)"
"agony","Extreme suffering (5)"
"agree","Be of one mind (5)"
"ahead","Out front (5)"
"aid","Give support (3)"
"aim","Take a shot (3)"
"air","Broadcast, as a show (3)"
"alarm","Early riser’s enemy? (5)"
"album","Collection of tracks (5)"
"alert","Ready to react (5)"
"alias","Alternate identity (5)"
"alibi","Excuse for absence? (5)"
"alien","Visitor from afar (5)"
"align","Get in line (5)"
"alike","Birds of a feather (5)"
"alive","Still kicking (5)"
"allow","Permit (5)"
"alloy","Mixed metal (5)"
"almost","Not quite there (6)"
"alone","By oneself (5)"
"along","With the group (5)"
"aloud","Audibly (5)"
"alphabet","Letters, collectively (8)"
"already","By this point (7)"
"also","In addition (4)"
"alter","Change form (5)"
"always","At all times (6)"
"amass","Gather up (5)"
"amaze","Awe completely (5)"
"ambush","Attack unexpectedly (6)"
"amend","Make corrections (5)"
"amid","Surrounded by (4)"
"amount","Total sum (6)"
"amuse","Entertain lightly (5)"
"analogy","Point of comparison (7)"
"anchor","Evening news regular (6)"
"ancient","From long ago (7)"
"angle","Point of view (5)"
"angry","Seeing red (5)"
"animal","Creature feature star (6)"
"ankle","Joint concern? (5)"
"announce","Make public (8)"
"annoy","Irritate repeatedly (5)"
"annual","Once a year (6)"
"answer","Solution, perhaps (6)"
"anthem","Crowd sing-along (6)"
"anxiety","Nervous tension (7)"
"apart","Separated (5)"
"apology","“My fault” (7)"
"appeal","Court request (6)"
"appear","Come into view (6)"
"apple","Newton’s inspiration? (5)"
"apply","Submit, as a form (5)"
"appoint","Name officially (7)"
"approve","Give the OK (7)"
"april","Tax deadline month (5)"
"apt","Fitting well (3)"
"arch","Curved structure (4)"
"area","Square measure? (4)"
"argue","Debate heatedly (5)"
"arise","Come up (5)"
"arm","Equip for battle (3)"
"army","Large force (4)"
"around","More or less (6)"
"arrange","Put in order (7)"
"arrest","Take into custody (6)"
"arrive","Show up (6)"
"arrow","Cupid’s projectile (5)"
"art","Gallery staple (3)"
"aside","Offstage comment (5)"
"ask","Request (3)"
"asleep","Out cold (6)"
"aspect","Particular feature (6)"
"assault","Violent attack (7)"
"assert","State boldly (6)"
"assess","Evaluate (6)"
"asset","Valuable item (5)"
"assign","Give out (6)"
"assist","Help out (6)"
"assume","Take for granted (6)"
"assure","Put at ease (6)"
"asterisk","Footnote marker (8)"
"athlete","Olympian contender (7)"
"atlas","Map holder (5)"
"atom","Tiny particle (4)"
"attack","Go after (6)"
"attempt","Try out (7)"
"attend","Be present (6)"
"attic","Top-floor space (5)"
"attitude","Outlook on life (8)"
"attract","Draw interest (7)"
"auction","Sale to the highest bidder (7)"
"audit","Financial review (5)"
"augment","Increase size (7)"
"aunt","Parent’s sister (4)"
"author","Story creator (6)"
"auto","Car, informally (4)"
"autumn","Leaf-fall season (6)"
"average","Nothing special (7)"
"avoid","Stay away from (5)"
"await","Look forward to (5)"
"awake","No longer sleeping (5)"
"award","Recognition prize (5)"
"aware","Informed (5)"
"away","Not here (4)"
"awesome","Totally impressive (7)"
"awful","Pretty bad (5)"
"awkward","Socially uneasy (7)"
"axis","Line of spin (4)"
"absolve","Let off the hook (7)"
"absorbent","Quick to soak it up (9)"
"abstain","Sit this one out (7)"
"abstract","Far from concrete (8)"
"absurdity","Total nonsense (9)"
"abundance","Embarrassment of riches (9)"
"abundant","More than plenty (8)"
"abuse","Cross the line (5)"
"abut","Border on (4)"
"abuzz","Full of chatter (5)"
"abysmal","Rock-bottom bad (7)"
"abyss","Bottomless pit (5)"
"academia","Ivory tower world (8)"
"academic","More theoretical than practical (8)"
"academy","School of thought? (7)"
"acai","Trendy berry bowl base (4)"
"accelerator","Gas pedal, essentially (11)"
"accent","Way of speaking (6)"
"accentuate","Make stand out (10)"
"acceptance","Stamp of approval (10)"
"accessory","Finishing touch (9)"
"accident prone","Always tripping up? (8,5)"
"acclaim","Standing ovation (7)"
"accolade","High praise (8)"
"accommodate","Make room for (11)"
"accomplice","Partner in crime (10)"
"accomplish","Get it done (10)"
"accordion","Squeeze-box (9)"
"accountability","Answerability (14)"
"accountant","One crunching numbers (10)"
"accrue","Add up over time (6)"
"accuracy","Bullseye quality (8)"
"accustomed","Used to (10)"
"ace","Top of the class (3)"
"acerbic","Sharp-tongued (7)"
"acetone","Nail polish remover, often (7)"
"ache","Persistent throb (4)"
"achiever","Goal-getter (8)"
"acidic","Sour, chemically (6)"
"acknowledge","Give credit to (11)"
"acme","Peak point (4)"
"acne","Teenage nuisance (4)"
"acorn","Tiny oak-to-be (5)"
"acoustic","Unplugged, in music (8)"
"acquire","Come into possession of (7)"
"acquisition","Corporate buyout, maybe (11)"
"acquit","Find innocent (6)"
"acre","Plot of land (4)"
"acrid","Burning to the nose (5)"
"acrimony","Bitter feeling (8)"
"acrobat","High-flyer (7)"
"acronym","NASA or NATO (7)"
"across the board","Applying to all (6,3,5)"
"act out","Throw a tantrum (3,3)"
"acting","Pretending professionally (6)"
"action figure","Toy hero (6,6)"
"activewear","Gym attire (10)"
"activist","Cause champion (8)"
"activity","Something to do (8)"
"actor","One playing a part (5)"
"actress","Leading lady (7)"
"actuality","The real deal (9)"
"actuary","Risk calculator (7)"
"acumen","Business savvy (6)"
"acute","Sharp or severe (5)"
"adage","Old saying (5)"
"ad agency","Mad Men setting (2,6)"
"adaptable","Able to roll with it (9)"
"adapter","Plug converter (7)"
"add on","Extra feature (3,2)"
"addition","Math sum (8)"
"additive","Ingredient extra (8)"
"address","Put into words (7)"
"adept","Skillful sort (5)"
"adhesive","Sticky stuff (8)"
"adjacent","Next door to (8)"
"adjustment","Fine-tuning (10)"
"administer","Run the show (10)"
"administration","Group in charge (14)"
"admiral","Navy bigwig (7)"
"admiration","High regard (10)"
"admission","Ticket, maybe (9)"
"admonish","Scold gently (8)"
"adolescent","Teenager (10)"
"adoptive","Non-biological (8)"
"adorable","Aww-worthy (8)"
"adornment","Something decorative (9)"
"adrenaline","Fight-or-flight fuel (10)"
"adrift","Without direction (6)"
"adroit","Nimble-fingered (6)"
"adulation","Excessive praise (9)"
"adultery","Marital betrayal (8)"
"advance","Move forward (7)"
"advancement","Promotion (11)"
"advantageous","Working in one’s favor (12)"
"advent","Arrival of something big (6)"
"adventurer","Thrill-seeker (10)"
"adversary","Opponent (9)"
"adverse","Working against (7)"
"advertise","Promote publicly (9)"
"aerial","Seen from above (6)"
"aerobics","Cardio workout (8)"
"aerosol","Spray can contents (7)"
"affable","Easy to like (7)"
"affection","Warm feeling (9)"
"affidavit","Sworn statement (9)"
"affiliate","Associated group (9)"
"affinity","Natural liking (8)"
"affirmative","Yes vote (11)"
"affix","Attach to (5)"
"afflict","Cause suffering (7)"
"affluent","Well-off (8)"
"afford","Foot the bill (6)"
"afield","Away from home base (6)"
"afloat","Staying above water (6)"
"afoul","In trouble with (5)"
"afro","Rounded hairstyle (4)"
"afterlife","What comes next? (9)"
"aftermath","Lingering result (9)"
"aftershock","Quake follower (10)"
"aftertaste","Lingering flavor (10)"
"again","Repeat performance (5)"
"against time","Racing the clock (7,4)"
"agate","Banded stone (5)"
"agenda","Meeting plan (6)"
"agent","Talent rep, maybe (5)"
"aggravate","Make worse (9)"
"aggregate","Total sum (9)"
"aggressive","Not backing down (10)"
"agile","Quick-moving (5)"
"aging","Getting older (5)"
"agitate","Stir up (7)"
"agonizing","Painfully slow (9)"
"agreeable","Easygoing (9)"
"agreement","Deal (9)"
"agriculture","Farming field (11)"
"ahead of time","In advance (5,2,4)"
"aid station","Marathon stop (3,7)"
"ailment","Minor illness (7)"
"aimless","Without direction (7)"
"airborne","Up in the sky (8)"
"airbrush","Touch up digitally (8)"
"air conditioned","Cool inside (3,11)"
"aircraft","Flying machine (8)"
"airfare","Cost of flying (7)"
"airline","Delta or United (7)"
"airport","Travel hub (7)"
"airspace","Sky territory (8)"
"airtight","Sealed shut (8)"
"aisle","Wedding walkway (5)"
"ajar","Slightly open (4)"
"akimbo","Hands-on-hips stance (6)"
"alabaster","Smooth and pale (9)"
"a la carte","Ordered individually (1,2,5)"
"alarm clock","Morning nuisance (5,5)"
"albatross","Burden to bear (9)"
"album","Music collection (5)"
"alchemy","Medieval science (7)"
"alert","On guard (5)"
"alfresco","Dining outside (8)"
"algae","Pond scum (5)"
"alias","Fake name (5)"
"alibi","Proof you weren’t there (5)"
"alienate","Push away (8)"
"alight","Get off, as a train (6)"
"align","Straighten out (5)"
"alike","Similar (5)"
"alimony","Divorce payment (7)"
"alive","Breathing (5)"
"alkaline","Basic, chemically (8)"
"all ears","Ready to listen (3,4)"
"all inclusive","Nothing extra to pay (3,9)"
"all knowing","Omniscient (3,7)"
"all nighter","Study session, maybe (3,7)"
"allot","Divide up (5)"
"all out","No holding back (3,3)"
"all over","Everywhere (3,4)"
"allowance","Weekly cash, maybe (9)"
"alloy","Metal mix (5)"
"allude","Hint at (6)"
"alluring","Tempting (8)"
"ally","Friendly nation (4)"
"alma mater","Old school (4,5)"
"almanac","Yearly reference (7)"
"almond","Nutty snack (6)"
"almost","Just shy of (6)"
"aloof","Distant (5)"
"aloud","Audibly (5)"
"alpaca","Woolly animal (6)"
"alpha","First in line (5)"
"alphabetical","In ABC order (12)"
"already","By now (7)"
"also ran","Didn’t win (4,3)"
"altar","Wedding focal point (5)"
"alter ego","Second self (5,3)"
"alternate","Switch back and forth (9)"
"alternative","Another option (11)"
"although","Even though (8)"
"altitude","Height above sea level (8)"
"alto","Mid-range singer (4)"
"altruism","Selfless concern (8)"
"aluminum","Foil material (8)"
"amass","Pile up (5)"
"amateur","Non-pro (7)"
"amaze","Astonish (5)"
"amazing","Mind-blowing (7)"
"ambassador","Diplomatic rep (10)"
"amber","Golden fossil resin (5)"
"ambiance","Mood lighting, say (8)"
"ambidextrous","Good with both hands (12)"
"ambition","Drive to succeed (8)"
"ambivalent","On the fence (10)"
"amble","Walk leisurely (5)"
"ambush","Surprise attack (6)"
"amenable","Open to suggestion (8)"
"amendment","Change to a law (9)"
"amenities","Hotel perks (9)"
"amethyst","Purple gemstone (8)"
"amiable","Friendly (7)"
"amicable","No hard feelings (8)"
"amidst","In the middle of (6)"
"amino acid","Protein building block (5,4)"
"amiss","Not quite right (5)"
"amity","Friendly relations (5)"
"ammo","Rounds, for short (4)"
"amnesia","Memory loss (7)"
"amnesty","Official pardon (7)"
"amoeba","Shape-shifting cell (6)"
"among","In the midst of (5)"
"amorphous","Without clear shape (9)"
"amount","Add up (6)"
"ampersand","“And” symbol (9)"
"ample","More than enough (5)"
"amplify","Turn up (7)"
"amputate","Cut off surgically (8)"
"amulet","Good luck charm (6)"
"amuse","Entertain (5)"
"amusement park","Roller coaster locale (9,4)"
"amusing","Funny (7)"
"anagram","Word scramble (7)"
"analogy","Comparison (7)"
"analysis","Deep dive (8)"
"analyst","Data interpreter (7)"
"analyze","Break down (7)"
"anarchist","Rule rejecter (9)"
"anatomy","Body structure (7)"
"ancestor","Family forebear (8)"
"anchor","TV news staple (6)"
"ancient history","Long forgotten past (7,7)"
"andromeda","Neighboring galaxy (9)"
"anecdote","Short story (8)"
"anemia","Low iron condition (6)"
"anemone","Sea creature or flower (7)"
"anesthesia","Surgical numbing (10)"
"angel","Heavenly being (5)"
"angel investor","Startup backer (5,8)"
"anger","Fury (5)"
"angle","Perspective (5)"
"angry","Seeing red (5)"
"anguish","Deep distress (7)"
"animal kingdom","Zoological realm (6,7)"
"animate","Bring to life (7)"
"animation","Cartoon medium (9)"
"animator","Pixar pro, maybe (8)"
"animosity","Bad blood (9)"
"ankle","Foot joint (5)"
"annex","Add on (5)"
"annihilate","Wipe out (10)"
"anniversary","Yearly milestone (11)"
"announce","Make public (8)"
"annoyance","Minor irritation (9)"
"annual","Once per year (6)"
"annuity","Retirement income stream (7)"
"annul","Declare void (5)"
"anoint","Make official (6)"
"anomaly","Outlier (7)"
"anonymous","Name withheld (9)"
"another","One more (7)"
"answer","Reply (6)"
"antagonist","Story villain (10)"
"anthem","National song (6)"
"anthology","Collection of works (9)"
"anticipate","See coming (10)"
"anticlimax","Disappointing end (10)"
"antidote","Cure (8)"
"antifreeze","Radiator fluid (10)"
"antique","Old collectible (7)"
"antonym","Opposite word (7)"
"antsy","Can’t sit still (5)"
"anvil","Blacksmith’s block (5)"
"anxiety","Uneasy feeling (7)"
"anxious","On edge (7)"
"anyway","Back to the point… (6)"
"anywhere","No particular place (8)"
"apart","In pieces (5)"
"apathy","Lack of interest (6)"
"apex","Highest point (4)"
"aphorism","Pithy saying (8)"
"apiary","Bee farm (6)"
"aplomb","Cool confidence (6)"
"apnea","Sleep disorder (5)"
"apocalypse","End times (10)"
"apologize","Say sorry (9)"
"apology","Expression of regret (7)"
"apostrophe","Grammar mark (10)"
"apothecary","Old-time pharmacist (10)"
"app","Phone download (3)"
"appall","Shock deeply (6)"
"apparatus","Equipment (9)"
"apparel","Clothing line (7)"
"appeal","Attractiveness (6)"
"appear","Come into sight (6)"
"appease","Calm down (7)"
"appendix","Extra section (8)"
"appetite","Hunger (8)"
"applaud","Clap for (7)"
"applause","Audience approval (8)"
"appliance","Kitchen device (9)"
"apply","Submit (5)"
"appoint","Assign officially (7)"
"appraise","Assess value (8)"
"appreciate","Value highly (10)"
"apprehend","Catch (9)"
"approach","Come near (8)"
"appropriate","Suitable (11)"
"approval","Green light (8)"
"approve","OK (7)"
"approximate","Roughly estimate (11)"
"apricot","Orange fruit (7)"
"apron","Kitchen cover (5)"
"aptitude","Natural ability (8)"
"aquarium","Fish tank (8)"
"aquatic","Water-based (7)"
"aqueduct","Water bridge (8)"
"arable","Farm-ready (6)"
"arbiter","Final judge (7)"
"arbitrary","Random (9)"
"arbor","Garden structure (5)"
"arcade","Game center (6)"
"arcane","Known by few (6)"
"arch","Curved form (4)"
"archer","Bow user (6)"
"archetype","Original model (9)"
"archipelago","Island chain (11)"
"architect","Building designer (9)"
"archive","Store away (7)"
"ardent","Passionate (6)"
"arduous","Very demanding (7)"
"area","Square footage? (4)"
"arena","Sports venue (5)"
"argue","Debate (5)"
"arid","Desert-dry (4)"
"arise","Come up (5)"
"armada","Fleet (6)"
"armadillo","Armored critter (9)"
"armor","Protective gear (5)"
"army","Military force (4)"
"aroma","Pleasant smell (5)"
"around","Roughly (6)"
"arouse","Wake up (6)"
"arraign","Charge in court (7)"
"arrange","Organize (7)"
"array","Wide range (5)"
"arrest","Detain (6)"
"arrival","Landing (7)"
"arrive","Show up (6)"
"arrogant","Full of oneself (8)"
"arrowhead","Pointed tip (9)"
"arsenal","Weapon stash (7)"
"arson","Deliberate fire (5)"
"art","Creative expression (3)"
"article","News piece (7)"
"artifact","Historical item (8)"
"artificial","Man-made (10)"
"artisan","Skilled maker (7)"
"artist","Creative type (6)"
"artwork","Gallery piece (7)"
"asap","Right away (4)"
"ascend","Go up (6)"
"ascent","Upward climb (6)"
"ashamed","Full of regret (7)"
"aside","Off to the side (5)"
"askew","Crooked (5)"
"asleep","Out cold (6)"
"aspect","Feature (6)"
"assault","Attack (7)"
"assert","Declare (6)"
"assess","Evaluate (6)"
"asset","Valuable (5)"
"assign","Delegate (6)"
"assist","Help (6)"
"assume","Suppose (6)"
"assure","Reassure (6)"
"asteroid","Space rock (8)"
"astonish","Blow away (8)"
"astray","Off course (6)"
"astronaut","Space traveler (9)"
"astronomy","Study of stars (9)"
"astute","Sharp (6)"
"asylum","Safe haven (6)"
"at bat","In the lineup (2,3)"
"at bay","Held off (2,3)"
"at best","Optimistically (2,4)"
"at heart","Deep down (2,5)"
"at last","Finally (2,4)"
"at odds","In conflict (2,4)"
"at stake","On the line (2,5)"
"athlete","Competitor (7)"
"atlas","Map collection (5)"
"atmosphere","Air around us (10)"
"atom","Tiny unit (4)"
"atrocious","Terrible (9)"
"attach","Fasten (6)"
"attack","Strike (6)"
"attain","Achieve (6)"
"attempt","Try (7)"
"attend","Show up (6)"
"attention","Focus (9)"
"attic","Upper room (5)"
"attire","Dress (6)"
"attitude","Mindset (8)"
"attorney","Legal rep (8)"
"attract","Draw in (7)"
"auction","Bidding event (7)"
"audience","Crowd (8)"
"audio","Sound (5)"
"audit","Review (5)"
"augment","Increase (7)"
"aunt","Relative (4)"
"aura","Vibe (4)"
"author","Writer (6)"
"auto","Car (4)"
"autumn","Fall (6)"
"avail","Use (5)"
"average","Mediocre (7)"
"avoid","Evade (5)"
"await","Expect (5)"
"awake","Up (5)"
"award","Prize (5)"
"aware","Knowing (5)"
"away","Gone (4)"
"awesome","Amazing (7)"
"awful","Terrible (5)"
"awkward","Uncomfortable (7)"
"awl","Pointed tool (3)"
"awning","Sunshade (6)"
"awry","Off track (4)"
"axis","Center line (4)"
"axle","Wheel rod (4)"
"azure","Sky blue (5)"
